bwa_pop,Year,rot_num,num_tree,mean_gsi,mean_ngsi
None,2014,3,15,0.91447,-0.229036667
Light,2014,0,6,0.878516667,-0.431516667
Moderate,2014,0,0,NA,NA
Heavy,2014,0,0,NA,NA
None,2015,2,15,1.002853333,-0.023813333
Light,2015,1,6,0.890291667,-0.339016667
Moderate,2015,0,0,NA,NA
Heavy,2015,0,0,NA,NA
None,2016,2,16,0.985896875,-0.16580625
Light,2016,1,5,0.70807,-0.64011
Moderate,2016,0,0,NA,NA
Heavy,2016,0,0,NA,NA
